{
  "id": "foundry-rest-api",
  "title": "Foundry REST API",
  "description": "Módulo que expõe APIs REST para integração externa com o Foundry VTT",
  "authors": [
    {
      "name": "DMHUB Team"
    }
  ],
  "version": "1.0.11",
  "compatibility": {
    "minimum": "10",
    "verified": "11"
  },
  "scripts": [
    "foundry-rest-api.js"
  ],
  "url": "https://github.com/Rufino-BR/foundry-rest-api",
  "manifest": "https://raw.githubusercontent.com/Rufino-BR/foundry-rest-api/main/module.json",
  "download": "https://raw.githubusercontent.com/Rufino-BR/foundry-rest-api/main/foundry-rest-api-v1.0.11.zip"
}
